<?xml version="1.0" encoding="UTF-8"?>
<!DOCTYPE mapper PUBLIC "-//mybatis.org//DTD Mapper 3.0//EN" 
"http://mybatis.org/dtd/mybatis-3-mapper.dtd">
<mapper namespace="com.onechain.webservice.dao.score.IScoreDao">
	<select id="getScore" resultType="com.onechain.webservice.bean.score.input.ScoreInput" timeout="300">
		SELECT ID_TYPE,ID_NO,ACCT_SCORES,SIGN_NUM,UP_DATE FROM CM_WEB_USER_ACCT WHERE ID_NO =#{id_no}
	</select>
	
	<insert id="addScore" useGeneratedKeys="true" keyProperty="id_no" parameterType="com.onechain.webservice.bean.score.input.ScoreInput" timeout="300" >
		<selectKey resultType="String" keyProperty="id_no" order="AFTER" >
      		SELECT seq_rest_test.CURRVAL AS id_no from dual
   		</selectKey>
   		
		INSERT INTO CM_WEB_USER_ACCT(ID_TYPE,ID_NO,ACCT_SCORES,SIGN_NUM,UP_DATE) VALUES(#{id_type},seq_rest_test.NEXTVAL,
		#{acct_scores},#{sign_num},#{up_date})
	</insert>
	
	<update id="updateScore" parameterType="com.onechain.webservice.bean.score.input.ScoreInput" timeout="300">
		UPDATE CM_WEB_USER_ACCT SET ID_TYPE=#{id_type},ACCT_SCORES=#{acct_scores},SIGN_NUM=#{sign_num}
			WHERE ID_NO=#{id_no}
	</update>
	
	<delete id="deleteScore" parameterType="String" timeout="300">
		DELETE FROM CM_WEB_USER_ACCT WHERE ID_NO=#{id_no}
	</delete>
	
	<select id="getAllScore" resultType="com.onechain.webservice.bean.score.input.ScoreInput" timeout="300">
		SELECT ID_TYPE,ID_NO,ACCT_SCORES,SIGN_NUM,UP_DATE FROM CM_WEB_USER_ACCT ORDER BY ID_NO
	</select>
	
	<delete id="batchDelScore" parameterType="java.lang.String" timeout="300">
		<![CDATA[  
       		DELETE FROM CM_WEB_USER_ACCT WHERE ID_NO IN 
	    ]]>  
	    <foreach collection="array" item = "id_no" open="(" separator="," close=")">
	    	#{ id_no}  
	    </foreach>  
	</delete>
	
	<select id="getPageResult" parameterType="int" resultType="com.onechain.webservice.bean.score.input.ScoreInput">
		SELECT ID_TYPE,ID_NO,ACCT_SCORES,SIGN_NUM,UP_DATE FROM CM_WEB_USER_ACCT ORDER BY ID_NO, ROWID
	</select>
	
	<select id="getCountResult" resultType="String">
		SELECT count(*) count FROM CM_WEB_USER_ACCT
	</select>
	
	<insert id="batchAddScore" useGeneratedKeys="true" keyProperty="id_no" parameterType="java.util.List" timeout="300" >
		<selectKey resultType="String" keyProperty="id_no" order="AFTER" >
      		SELECT seq_rest_test.CURRVAL AS id_no from dual
   		</selectKey>
   		
		INSERT INTO CM_WEB_USER_ACCT(ID_NO,ID_TYPE,ACCT_SCORES,SIGN_NUM,UP_DATE) 
			SELECT seq_rest_test.NEXTVAL,A.* FROM (
				<foreach collection="list" item="item" index="index" separator="UNION ALL" >  
		        	select #{item.id_type},#{item.acct_scores},#{item.sign_num},#{item.up_date} from dual
		    	</foreach> 
    		)A
	</insert>
	
</mapper>