<?xml version="1.0" encoding="UTF-8"?>  
<!DOCTYPE log4j:configuration SYSTEM "http://toolkit.alibaba-inc.com/dtd/log4j/log4j.dtd">
<log4j:configuration xmlns:log4j='http://jakarta.apache.org/log4j/'>
	<!-- 定义全局输出适配器 -->
	<appender name="consoleAppender" class="org.apache.log4j.ConsoleAppender">
		<layout class="org.apache.log4j.PatternLayout">
			<param name="ConversionPattern" value="[%d{yyyy-MM-dd HH:mm:ss.SSS\} %-5p]{%c:%L}- %m%n" />
		</layout>
	</appender>
	
	<!-- 输出日志到文件 ,每天一次 -->  
    <appender name="dayFile" class="org.apache.log4j.DailyRollingFileAppender">
        <param name="file" value="${catalina.home}/logs/bussiness_log.txt"></param>
        <param name="ImmediateFlush" value="true"/>
        <param name="Append" value="true"></param>
        <param name="datePattern" value="'.'yyyy-MM-dd" />
        <!--每小时1次<param name="datePattern" value="'.'yyyy-MM-dd-HH" />-->
        <!--每天两次<param name="datePattern" value="'.'yyyy-MM-dd-a" />-->
        <layout class="org.apache.log4j.PatternLayout">
            <param name="ConversionPattern" value="[%d{yyyy-MM-dd HH:mm:ss.SSS\} %-5p]{%c:%L}- %m%n"></param>
        </layout>
    </appender>
    
    <logger name="com.onechain" additivity="true">
        <appender-ref ref="dayFile"/>
    </logger>
    
	<!-- Mybatis -->
	<logger name="org.mybatis.spring" additivity="true">
		<level value="ERROR" />
		<appender-ref ref="consoleAppender" />
	</logger>
	<logger name="org.apache.ibatis" additivity="true">
		<level value="ERROR" />
		<appender-ref ref="consoleAppender" />
	</logger>
	<!-- Spring -->
	<logger name="org.springframework" additivity="true">
		<level value="ERROR" />
		<appender-ref ref="consoleAppender" />
	</logger>
	<!-- ActiveMQ -->
	<logger name="org.apache.activemq" additivity="true">
		<level value="ERROR" />
		<appender-ref ref="consoleAppender" />
	</logger>
	
	<!-- 根日志记录器 -->
	<root>
		<level value="log" />
		<appender-ref ref="consoleAppender" />
	</root>
</log4j:configuration>