<?xml version="1.0" encoding="UTF-8"?>
<!DOCTYPE mapper PUBLIC "-//mybatis.org//DTD Mapper 3.0//EN" 
"http://mybatis.org/dtd/mybatis-3-mapper.dtd">
<mapper namespace="com.onechain.webservice.dao.zwb.IZwbDao">
	<select id="getUserByNumber" resultType="com.onechain.webservice.bean.zwb.User" parameterType="string" timeout="300">
		SELECT ID,CODE,NUMBER,PASSWD,BALANCE FROM user WHERE NUMBER =#{number}
	</select>
	
	<select id="getUserByCode" resultType="com.onechain.webservice.bean.zwb.User" parameterType="string" timeout="300">
		SELECT ID,CODE,NUMBER,PASSWD,BALANCE FROM user WHERE code =#{code}
	</select>
	
	<select id="getMaxIdFromUser" resultType="integer" timeout="300">
		SELECT MAX(ID)+1 ID FROM user
	</select>
	
	<insert id="insertUser" parameterType="com.onechain.webservice.bean.zwb.User" timeout="300" >
		INSERT INTO user(ID,CODE,NUMBER,PASSWD,BALANCE) VALUES(#{id},#{code},#{number},#{passwd},#{balance})
	</insert>
	
	<update id="updateUserBalance" parameterType="com.onechain.webservice.bean.zwb.User" timeout="300">
		update user set balance = #{balance} where number=#{number}
	</update>
	
	<insert id="insertRecord" parameterType="com.onechain.webservice.bean.zwb.Record" timeout="300" >
		INSERT INTO record(id,onumber,enumber,amount,rem,transactiontype,time,transnum) VALUES(#{id},#{onumber},#{enumber},#{amount},#{rem},#{transactiontype},#{time},#{transnum})
	</insert>
	
	<select id="getMaxIdFromRecord" resultType="integer" timeout="300">
		SELECT MAX(ID)+1 ID FROM record
	</select>
	
	<select id="transactionrecoder" resultType="com.onechain.webservice.bean.zwb.Record" parameterType="string" timeout="300">
		SELECT id,onumber,enumber,amount,rem,transactiontype,time,transnum,DATE_FORMAT(time,"%Y-%m") date from record where onumber=#{number} or enumber=#{number} ORDER BY time desc
	</select>
	
	<select id="getDateFromRecordByNumber" resultType="string" parameterType="string" timeout="300">
		SELECT  DISTINCT DATE_FORMAT(time,"%Y-%m") date from record where onumber=#{number} or enumber=#{number} ORDER BY date desc
	</select>
	
	<select id="getPtpDateFromRecordByNumber" resultType="string" parameterType="com.onechain.webservice.bean.zwb.Record" timeout="300">
		SELECT  DISTINCT DATE_FORMAT(time,"%Y-%m") date from record where 
			(onumber=#{onumber} and enumber=#{enumber}) or (onumber=#{enumber} and enumber=#{onumber}) ORDER BY date desc
	</select>
	
	<select id="ptptransactionrecoder" resultType="com.onechain.webservice.bean.zwb.Record" parameterType="com.onechain.webservice.bean.zwb.Record" timeout="300">
		SELECT id,onumber,enumber,amount,rem,transactiontype,time,transnum,DATE_FORMAT(time,"%Y-%m") date from record where 
			(onumber=#{onumber} and enumber=#{enumber}) or (onumber=#{enumber} and enumber=#{onumber}) ORDER BY time desc
	</select>
</mapper>