<?xml version="1.0" encoding="UTF-8"?>
<beans xmlns="http://www.springframework.org/schema/beans"
	xmlns:xsi="http://www.w3.org/2001/XMLSchema-instance" 
	xmlns:context="http://www.springframework.org/schema/context"
	xmlns:aop="http://www.springframework.org/schema/aop" 
	xmlns:tx="http://www.springframework.org/schema/tx"
	xsi:schemaLocation="http://www.springframework.org/schema/beans 
        http://www.springframework.org/schema/beans/spring-beans-3.0.xsd
        http://www.springframework.org/schema/context 
        http://www.springframework.org/schema/context/spring-context-3.0.xsd
        http://www.springframework.org/schema/tx
        http://www.springframework.org/schema/tx/spring-tx-3.0.xsd
      http://www.springframework.org/schema/aop
      http://www.springframework.org/schema/aop/spring-aop-3.0.xsd" default-autowire="byName">
  
  	<import resource="spring-database.xml"/>
  	
	<context:component-scan base-package="com.onechain.common.datasource,com.onechain.webservice" />
   	<aop:aspectj-autoproxy proxy-target-class="true"/>
	
	<context:annotation-config />
	<!--事务管理器-->   
    <bean id="transactionManager" class="org.springframework.jdbc.datasource.DataSourceTransactionManager">   
        <property name="dataSource" ref="dynamicdataSource" />
    </bean>
    <!--spring事务注解，不要在接口实现类的方法上加事务，最好只在需要事务的业务方法上加入事务，尽量把事务过程减到最少-->
    <tx:annotation-driven transaction-manager="transactionManager"/>
</beans>