<?xml version="1.0" encoding="UTF-8" ?>
<beans xmlns="http://www.springframework.org/schema/beans"
	xmlns:xsi="http://www.w3.org/2001/XMLSchema-instance" 
	xmlns:mvc="http://www.springframework.org/schema/mvc"
	xmlns:context="http://www.springframework.org/schema/context"
	xsi:schemaLocation="
		http://www.springframework.org/schema/mvc 
		http://www.springframework.org/schema/mvc/spring-mvc-3.1.xsd
		http://www.springframework.org/schema/beans 
		http://www.springframework.org/schema/beans/spring-beans-3.1.xsd
		http://www.springframework.org/schema/context 
		http://www.springframework.org/schema/context/spring-context-3.1.xsd" default-autowire="byName">
	<context:component-scan base-package="com.onechain.common.controller" />
	<mvc:annotation-driven />
	<mvc:default-servlet-handler />
	
	<bean id="viewResolver"
		class="org.springframework.web.servlet.view.ContentNegotiatingViewResolver">
		<property name="viewResolvers">
			<bean
				class="org.springframework.web.servlet.view.InternalResourceViewResolver">
				<property name="prefix" value="/WEB-INF/views/"></property> 
				<property name="suffix" value=".jsp"></property>
			</bean>
		</property>
	</bean>
</beans>
