<?xml version="1.0" encoding="UTF-8"?>
<beans xmlns="http://www.springframework.org/schema/beans"
	xmlns:xsi="http://www.w3.org/2001/XMLSchema-instance" xmlns:context="http://www.springframework.org/schema/context"
	xsi:schemaLocation="http://www.springframework.org/schema/beans 
	  http://www.springframework.org/schema/beans/spring-beans-3.0.xsd
	  http://www.springframework.org/schema/context 
	  http://www.springframework.org/schema/context/spring-context-3.0.xsd"
	default-autowire="byName">

	<!-- 加载数据源属性文件 -->
	<context:property-placeholder location="classpath:/file/conf/config.properties" />
	
	<!-- 数据源连接池 -->
	<bean id="parentDataSource" class="com.onechain.common.datasource.DruidDataSource" >
		<!-- 配置初始化大小、最小、最大 -->  
        <property name="initialSize" value="10" />
        <property name="minIdle" value="10" />
        <property name="maxActive" value="100" />
        
        <!-- 配置获取连接等待超时的时间 --> 
		<property name="maxWait" value="60000" />
		
		<!-- 配置间隔多久才进行一次检测，检测需要关闭的空闲连接，单位是毫秒 -->
		<property name="timeBetweenEvictionRunsMillis" value="3000" />
		
		<!-- 配置一个连接在池中最小生存的时间，单位是毫秒 --> 
		<property name="minEvictableIdleTimeMillis" value="300000" />
		
		<property name="validationQuery" value="SELECT 1 from dual" />
		<property name="testWhileIdle" value="true" />
		<property name="testOnBorrow" value="false" />
		<property name="testOnReturn" value="false" />
		
		<!-- 打开PSCache，并且指定每个连接上PSCache的大小 -->  
        <property name="poolPreparedStatements" value="true" />  
        <property name="maxPoolPreparedStatementPerConnectionSize" value="100" />
        
        <!-- 对于超过30分钟不使用的连接强制关闭 -->
        <property name="removeAbandoned" value="true" />
        <property name="removeAbandonedTimeout" value="1800" />
        <property name="logAbandoned" value="true" />
        
        <!-- 配置监控统计拦截的filters  
        <property name="filters" value="stat,wall" />
        --> 
	</bean>
	
	
	<bean id="default" parent="parentDataSource" >
		<property name="connectionProperties" value="${mysql.driver}" />
		<property name="url" value="${mysql.url}" />
		<property name="username" value="${mysql.username}" />
		<property name="password" value="${mysql.password}" />
	</bean>

	<bean id="iredmail" parent="parentDataSource" >
		<property name="connectionProperties" value="${iredmail.mysql.driver}" />
		<property name="url" value="${iredmail.mysql.url}" />
		<property name="username" value="${iredmail.mysql.username}" />
		<property name="password" value="${iredmail.mysql.password}" />
	</bean>
	
	<!-- 动态数据源 -->
	<bean id="dynamicdataSource" class="com.onechain.common.datasource.DynamicDataSource">
        <property name="targetDataSources">
              <map key-type="java.lang.String">
                 <entry key="default_datasource" value-ref="default"/>
                 <entry key="iredmail_datasource" value-ref="iredmail"/>
              </map>
        </property>
        <property name="defaultTargetDataSource" ref="default"/>
    </bean>

	<!-- mybatis配置 -->
	<bean class="org.mybatis.spring.mapper.MapperScannerConfigurer">
		<property name="annotationClass" value="org.springframework.stereotype.Repository" />
		<property name="basePackage" value="com.onechain.webservice.dao" />
		<property name="sqlSessionFactoryBeanName" value="sqlSessionFactoryBeanName" />
	</bean>
	
	<!--Spring|myibatis整合配置 -->
	<bean id="sqlSessionFactoryBeanName" class="org.mybatis.spring.SqlSessionFactoryBean">
		<property name="mapperLocations" value="classpath:mapper/**/*.xml" />
		<property name="dataSource" ref="dynamicdataSource" />
	</bean>
</beans>