<?xml version="1.0" encoding="UTF-8"?>
<beans xmlns="http://www.springframework.org/schema/beans"
	xmlns:xsi="http://www.w3.org/2001/XMLSchema-instance" xmlns:context="http://www.springframework.org/schema/context"
	xmlns:aop="http://www.springframework.org/schema/aop" xmlns:tx="http://www.springframework.org/schema/tx"
	xmlns:p="http://www.springframework.org/schema/p"
	xsi:schemaLocation="http://www.springframework.org/schema/beans 
        http://www.springframework.org/schema/beans/spring-beans-3.0.xsd
        http://www.springframework.org/schema/context 
        http://www.springframework.org/schema/context/spring-context-3.0.xsd
        http://www.springframework.org/schema/tx
        http://www.springframework.org/schema/tx/spring-tx-3.0.xsd
      http://www.springframework.org/schema/aop
      http://www.springframework.org/schema/aop/spring-aop-3.0.xsd">
      
	<context:component-scan base-package="com.onechain.common.util.redis" />
	
	<bean id="jedisPoolConfig" class="redis.clients.jedis.JedisPoolConfig">
		<property name="maxTotal" value="${redis.maxTotal}" />
		<property name="maxIdle" value="${redis.maxIdle}" />
	</bean>

	<bean id="shardedJedisPool" class="redis.clients.jedis.ShardedJedisPool">
		<constructor-arg index="0" ref="jedisPoolConfig" />
		<constructor-arg index="1">
			<list>
				<bean class="redis.clients.jedis.JedisShardInfo">
					<constructor-arg index="0" value="${redis.ip}" />
					<constructor-arg index="1" value="${redis.port}"
						type="int" />
				</bean>
			</list>
		</constructor-arg>
	</bean>

	<bean id="jedisConnectionFactory"
		class="org.springframework.data.redis.connection.jedis.JedisConnectionFactory" 
		p:use-pool="true" p:host-name="${redis.ip}" p:port="${redis.port}">
		<constructor-arg ref="jedisPoolConfig"></constructor-arg>
	</bean>

	<bean id="redisTemplate" class="org.springframework.data.redis.core.RedisTemplate"
		p:connection-factory-ref="jedisConnectionFactory">
		<property name="keySerializer">
			<bean
				class="org.springframework.data.redis.serializer.StringRedisSerializer" />
		</property>
		<property name="valueSerializer">
			<bean
				class="org.springframework.data.redis.serializer.JdkSerializationRedisSerializer" />
		</property>
	</bean>

	<bean class="com.onechain.common.redis.SysCache" init-method="init">
		<constructor-arg value="${redis.key.prefix}" />
		<constructor-arg value="${redis.enable}" />
		<property name="reset" value="${redis.reset}" />
	</bean>
</beans>
